t,mcc,mcc_lo,mcc_hi,gender,1st_cond,1st_age_band
0,0,0,0,F,Hyp,"(50, 59)"
1,0,0,0,F,Hyp,"(50, 59)"
2,0,0,0,F,Hyp,"(50, 59)"
3,0,0,0,F,Hyp,"(50, 59)"
4,0,0,0,F,Hyp,"(50, 59)"
5,0,0,0,F,Hyp,"(50, 59)"
6,0,0,0,F,Hyp,"(50, 59)"
7,0,0,0,F,Hyp,"(50, 59)"
8,0,0,0,F,Hyp,"(50, 59)"
9,0,0,0,F,Hyp,"(50, 59)"
10,0,0,0,F,Hyp,"(50, 59)"
11,0,0,0,F,Hyp,"(50, 59)"
12,0,0,0,F,Hyp,"(50, 59)"
13,0,0,0,F,Hyp,"(50, 59)"
14,0,0,0,F,Hyp,"(50, 59)"
15,0,0,0,F,Hyp,"(50, 59)"
16,0,0,0,F,Hyp,"(50, 59)"
17,0,0,0,F,Hyp,"(50, 59)"
18,0,0,0,F,Hyp,"(50, 59)"
19,0,0,0,F,Hyp,"(50, 59)"
20,0,0,0,F,Hyp,"(50, 59)"
21,0,0,0,F,Hyp,"(50, 59)"
22,0,0,0,F,Hyp,"(50, 59)"
23,0,0,0,F,Hyp,"(50, 59)"
24,0,0,0,F,Hyp,"(50, 59)"
25,0,0,0,F,Hyp,"(50, 59)"
26,0,0,0,F,Hyp,"(50, 59)"
27,0,0,0,F,Hyp,"(50, 59)"
28,0,0,0,F,Hyp,"(50, 59)"
29,0,0,0,F,Hyp,"(50, 59)"
30,0,0,0,F,Hyp,"(50, 59)"
31,0,0,0,F,Hyp,"(50, 59)"
32,0,0,0,F,Hyp,"(50, 59)"
33,0,0,0,F,Hyp,"(50, 59)"
34,0,0,0,F,Hyp,"(50, 59)"
35,0,0,0,F,Hyp,"(50, 59)"
36,0,0,0,F,Hyp,"(50, 59)"
37,0,0,0,F,Hyp,"(50, 59)"
38,0,0,0,F,Hyp,"(50, 59)"
39,0,0,0,F,Hyp,"(50, 59)"
40,0,0,0,F,Hyp,"(50, 59)"
41,0,0,0,F,Hyp,"(50, 59)"
42,0,0,0,F,Hyp,"(50, 59)"
43,0,0,0,F,Hyp,"(50, 59)"
44,0,0,0,F,Hyp,"(50, 59)"
45,0,0,0,F,Hyp,"(50, 59)"
46,0,0,0,F,Hyp,"(50, 59)"
47,0,0,0,F,Hyp,"(50, 59)"
48,0,0,0,F,Hyp,"(50, 59)"
49,0,0,0,F,Hyp,"(50, 59)"
50,0,0,0,F,Hyp,"(50, 59)"
51,1,1,1,F,Hyp,"(50, 59)"
52,2,2,2,F,Hyp,"(50, 59)"
53,2,2,2,F,Hyp,"(50, 59)"
54,2,2,2,F,Hyp,"(50, 59)"
55,2,2,2,F,Hyp,"(50, 59)"
56,2,2,2,F,Hyp,"(50, 59)"
57,2,2,2,F,Hyp,"(50, 59)"
58,2,2,2,F,Hyp,"(50, 59)"
59,2,2,2,F,Hyp,"(50, 59)"
60,2,2,2,F,Hyp,"(50, 59)"
61,2,2,2,F,Hyp,"(50, 59)"
62,2,2,2,F,Hyp,"(50, 59)"
63,3,3,3,F,Hyp,"(50, 59)"
64,3,3,3,F,Hyp,"(50, 59)"
65,4,4,4,F,Hyp,"(50, 59)"
66,4,4,4,F,Hyp,"(50, 59)"
67,4,4,4,F,Hyp,"(50, 59)"
68,4,4,4,F,Hyp,"(50, 59)"
69,4,4,4,F,Hyp,"(50, 59)"
70,4,4,4,F,Hyp,"(50, 59)"
71,4,4,4,F,Hyp,"(50, 59)"
72,4,4,4,F,Hyp,"(50, 59)"
73,4,4,4,F,Hyp,"(50, 59)"
74,4,4,4,F,Hyp,"(50, 59)"
75,4,4,4,F,Hyp,"(50, 59)"
76,4,4,4,F,Hyp,"(50, 59)"
77,4,4,4,F,Hyp,"(50, 59)"
78,4,4,4,F,Hyp,"(50, 59)"
79,4,4,4,F,Hyp,"(50, 59)"
80,4,4,4,F,Hyp,"(50, 59)"
81,4,4,4,F,Hyp,"(50, 59)"
82,4,4,4,F,Hyp,"(50, 59)"
83,4,4,4,F,Hyp,"(50, 59)"
84,4,4,4,F,Hyp,"(50, 59)"
85,4,4,4,F,Hyp,"(50, 59)"
86,4,4,4,F,Hyp,"(50, 59)"
87,4,4,4,F,Hyp,"(50, 59)"
88,4,4,4,F,Hyp,"(50, 59)"
89,4,4,4,F,Hyp,"(50, 59)"
90,4,4,4,F,Hyp,"(50, 59)"
91,4,4,4,F,Hyp,"(50, 59)"
92,4,4,4,F,Hyp,"(50, 59)"
93,4,4,4,F,Hyp,"(50, 59)"
94,4,4,4,F,Hyp,"(50, 59)"
95,4,4,4,F,Hyp,"(50, 59)"
96,4,4,4,F,Hyp,"(50, 59)"
97,4,4,4,F,Hyp,"(50, 59)"
98,4,4,4,F,Hyp,"(50, 59)"
99,4,4,4,F,Hyp,"(50, 59)"
100,4,4,4,F,Hyp,"(50, 59)"
0,0,0,0,F,Hyp,"(70, 79)"
1,0,0,0,F,Hyp,"(70, 79)"
2,0,0,0,F,Hyp,"(70, 79)"
3,0,0,0,F,Hyp,"(70, 79)"
4,0,0,0,F,Hyp,"(70, 79)"
5,0,0,0,F,Hyp,"(70, 79)"
6,0,0,0,F,Hyp,"(70, 79)"
7,0,0,0,F,Hyp,"(70, 79)"
8,0,0,0,F,Hyp,"(70, 79)"
9,0,0,0,F,Hyp,"(70, 79)"
10,0,0,0,F,Hyp,"(70, 79)"
11,0,0,0,F,Hyp,"(70, 79)"
12,0,0,0,F,Hyp,"(70, 79)"
13,0,0,0,F,Hyp,"(70, 79)"
14,0,0,0,F,Hyp,"(70, 79)"
15,0,0,0,F,Hyp,"(70, 79)"
16,0,0,0,F,Hyp,"(70, 79)"
17,0,0,0,F,Hyp,"(70, 79)"
18,0,0,0,F,Hyp,"(70, 79)"
19,0,0,0,F,Hyp,"(70, 79)"
20,0,0,0,F,Hyp,"(70, 79)"
21,0,0,0,F,Hyp,"(70, 79)"
22,0,0,0,F,Hyp,"(70, 79)"
23,0,0,0,F,Hyp,"(70, 79)"
24,0,0,0,F,Hyp,"(70, 79)"
25,0,0,0,F,Hyp,"(70, 79)"
26,0,0,0,F,Hyp,"(70, 79)"
27,0,0,0,F,Hyp,"(70, 79)"
28,0,0,0,F,Hyp,"(70, 79)"
29,0,0,0,F,Hyp,"(70, 79)"
30,0,0,0,F,Hyp,"(70, 79)"
31,0,0,0,F,Hyp,"(70, 79)"
32,0,0,0,F,Hyp,"(70, 79)"
33,0,0,0,F,Hyp,"(70, 79)"
34,0,0,0,F,Hyp,"(70, 79)"
35,0,0,0,F,Hyp,"(70, 79)"
36,0,0,0,F,Hyp,"(70, 79)"
37,0,0,0,F,Hyp,"(70, 79)"
38,0,0,0,F,Hyp,"(70, 79)"
39,0,0,0,F,Hyp,"(70, 79)"
40,0,0,0,F,Hyp,"(70, 79)"
41,0,0,0,F,Hyp,"(70, 79)"
42,0,0,0,F,Hyp,"(70, 79)"
43,0,0,0,F,Hyp,"(70, 79)"
44,0,0,0,F,Hyp,"(70, 79)"
45,0,0,0,F,Hyp,"(70, 79)"
46,0,0,0,F,Hyp,"(70, 79)"
47,0,0,0,F,Hyp,"(70, 79)"
48,0,0,0,F,Hyp,"(70, 79)"
49,0,0,0,F,Hyp,"(70, 79)"
50,0,0,0,F,Hyp,"(70, 79)"
51,0,0,0,F,Hyp,"(70, 79)"
52,0,0,0,F,Hyp,"(70, 79)"
53,0,0,0,F,Hyp,"(70, 79)"
54,0,0,0,F,Hyp,"(70, 79)"
55,0,0,0,F,Hyp,"(70, 79)"
56,0,0,0,F,Hyp,"(70, 79)"
57,0,0,0,F,Hyp,"(70, 79)"
58,0,0,0,F,Hyp,"(70, 79)"
59,0,0,0,F,Hyp,"(70, 79)"
60,0,0,0,F,Hyp,"(70, 79)"
61,0,0,0,F,Hyp,"(70, 79)"
62,0,0,0,F,Hyp,"(70, 79)"
63,0,0,0,F,Hyp,"(70, 79)"
64,0,0,0,F,Hyp,"(70, 79)"
65,0,0,0,F,Hyp,"(70, 79)"
66,0,0,0,F,Hyp,"(70, 79)"
67,0,0,0,F,Hyp,"(70, 79)"
68,0,0,0,F,Hyp,"(70, 79)"
69,0,0,0,F,Hyp,"(70, 79)"
70,0,0,0,F,Hyp,"(70, 79)"
71,0,0,0,F,Hyp,"(70, 79)"
72,0,0,0,F,Hyp,"(70, 79)"
73,1,1,1,F,Hyp,"(70, 79)"
74,1,1,1,F,Hyp,"(70, 79)"
75,1,1,1,F,Hyp,"(70, 79)"
76,1,1,1,F,Hyp,"(70, 79)"
77,1,1,1,F,Hyp,"(70, 79)"
78,1,1,1,F,Hyp,"(70, 79)"
79,2,2,2,F,Hyp,"(70, 79)"
80,2,2,2,F,Hyp,"(70, 79)"
81,3,3,3,F,Hyp,"(70, 79)"
82,3,3,3,F,Hyp,"(70, 79)"
83,3,3,3,F,Hyp,"(70, 79)"
84,3,3,3,F,Hyp,"(70, 79)"
85,3,3,3,F,Hyp,"(70, 79)"
86,3,3,3,F,Hyp,"(70, 79)"
87,3,3,3,F,Hyp,"(70, 79)"
88,3,3,3,F,Hyp,"(70, 79)"
89,3,3,3,F,Hyp,"(70, 79)"
90,3,3,3,F,Hyp,"(70, 79)"
91,3,3,3,F,Hyp,"(70, 79)"
92,3,3,3,F,Hyp,"(70, 79)"
93,3,3,3,F,Hyp,"(70, 79)"
94,3,3,3,F,Hyp,"(70, 79)"
95,3,3,3,F,Hyp,"(70, 79)"
96,3,3,3,F,Hyp,"(70, 79)"
97,3,3,3,F,Hyp,"(70, 79)"
98,3,3,3,F,Hyp,"(70, 79)"
99,3,3,3,F,Hyp,"(70, 79)"
100,3,3,3,F,Hyp,"(70, 79)"
0,0,0,0,F,Ost,"(70, 79)"
1,0,0,0,F,Ost,"(70, 79)"
2,0,0,0,F,Ost,"(70, 79)"
3,0,0,0,F,Ost,"(70, 79)"
4,0,0,0,F,Ost,"(70, 79)"
5,0,0,0,F,Ost,"(70, 79)"
6,0,0,0,F,Ost,"(70, 79)"
7,0,0,0,F,Ost,"(70, 79)"
8,0,0,0,F,Ost,"(70, 79)"
9,0,0,0,F,Ost,"(70, 79)"
10,0,0,0,F,Ost,"(70, 79)"
11,0,0,0,F,Ost,"(70, 79)"
12,0,0,0,F,Ost,"(70, 79)"
13,0,0,0,F,Ost,"(70, 79)"
14,0,0,0,F,Ost,"(70, 79)"
15,0,0,0,F,Ost,"(70, 79)"
16,0,0,0,F,Ost,"(70, 79)"
17,0,0,0,F,Ost,"(70, 79)"
18,0,0,0,F,Ost,"(70, 79)"
19,0,0,0,F,Ost,"(70, 79)"
20,0,0,0,F,Ost,"(70, 79)"
21,0,0,0,F,Ost,"(70, 79)"
22,0,0,0,F,Ost,"(70, 79)"
23,0,0,0,F,Ost,"(70, 79)"
24,0,0,0,F,Ost,"(70, 79)"
25,0,0,0,F,Ost,"(70, 79)"
26,0,0,0,F,Ost,"(70, 79)"
27,0,0,0,F,Ost,"(70, 79)"
28,0,0,0,F,Ost,"(70, 79)"
29,0,0,0,F,Ost,"(70, 79)"
30,0,0,0,F,Ost,"(70, 79)"
31,0,0,0,F,Ost,"(70, 79)"
32,0,0,0,F,Ost,"(70, 79)"
33,0,0,0,F,Ost,"(70, 79)"
34,0,0,0,F,Ost,"(70, 79)"
35,0,0,0,F,Ost,"(70, 79)"
36,0,0,0,F,Ost,"(70, 79)"
37,0,0,0,F,Ost,"(70, 79)"
38,0,0,0,F,Ost,"(70, 79)"
39,0,0,0,F,Ost,"(70, 79)"
40,0,0,0,F,Ost,"(70, 79)"
41,0,0,0,F,Ost,"(70, 79)"
42,0,0,0,F,Ost,"(70, 79)"
43,0,0,0,F,Ost,"(70, 79)"
44,0,0,0,F,Ost,"(70, 79)"
45,0,0,0,F,Ost,"(70, 79)"
46,0,0,0,F,Ost,"(70, 79)"
47,0,0,0,F,Ost,"(70, 79)"
48,0,0,0,F,Ost,"(70, 79)"
49,0,0,0,F,Ost,"(70, 79)"
50,0,0,0,F,Ost,"(70, 79)"
51,0,0,0,F,Ost,"(70, 79)"
52,0,0,0,F,Ost,"(70, 79)"
53,0,0,0,F,Ost,"(70, 79)"
54,0,0,0,F,Ost,"(70, 79)"
55,0,0,0,F,Ost,"(70, 79)"
56,0,0,0,F,Ost,"(70, 79)"
57,0,0,0,F,Ost,"(70, 79)"
58,0,0,0,F,Ost,"(70, 79)"
59,0,0,0,F,Ost,"(70, 79)"
60,0,0,0,F,Ost,"(70, 79)"
61,0,0,0,F,Ost,"(70, 79)"
62,0,0,0,F,Ost,"(70, 79)"
63,0,0,0,F,Ost,"(70, 79)"
64,0,0,0,F,Ost,"(70, 79)"
65,0,0,0,F,Ost,"(70, 79)"
66,0,0,0,F,Ost,"(70, 79)"
67,0,0,0,F,Ost,"(70, 79)"
68,0,0,0,F,Ost,"(70, 79)"
69,0,0,0,F,Ost,"(70, 79)"
70,0,0,0,F,Ost,"(70, 79)"
71,0,0,0,F,Ost,"(70, 79)"
72,0,0,0,F,Ost,"(70, 79)"
73,0,0,0,F,Ost,"(70, 79)"
74,0,0,0,F,Ost,"(70, 79)"
75,0,0,0,F,Ost,"(70, 79)"
76,0,0,0,F,Ost,"(70, 79)"
77,1,1,1,F,Ost,"(70, 79)"
78,1,1,1,F,Ost,"(70, 79)"
79,1,1,1,F,Ost,"(70, 79)"
80,1,1,1,F,Ost,"(70, 79)"
81,2,2,2,F,Ost,"(70, 79)"
82,2,2,2,F,Ost,"(70, 79)"
83,2,2,2,F,Ost,"(70, 79)"
84,2,2,2,F,Ost,"(70, 79)"
85,2,2,2,F,Ost,"(70, 79)"
86,2,2,2,F,Ost,"(70, 79)"
87,2,2,2,F,Ost,"(70, 79)"
88,2,2,2,F,Ost,"(70, 79)"
89,2,2,2,F,Ost,"(70, 79)"
90,2,2,2,F,Ost,"(70, 79)"
91,2,2,2,F,Ost,"(70, 79)"
92,2,2,2,F,Ost,"(70, 79)"
93,2,2,2,F,Ost,"(70, 79)"
94,2,2,2,F,Ost,"(70, 79)"
95,2,2,2,F,Ost,"(70, 79)"
96,2,2,2,F,Ost,"(70, 79)"
97,2,2,2,F,Ost,"(70, 79)"
98,2,2,2,F,Ost,"(70, 79)"
99,2,2,2,F,Ost,"(70, 79)"
100,2,2,2,F,Ost,"(70, 79)"
0,0,0,0,M,Anx,"(10, 19)"
1,0,0,0,M,Anx,"(10, 19)"
2,0,0,0,M,Anx,"(10, 19)"
3,0,0,0,M,Anx,"(10, 19)"
4,0,0,0,M,Anx,"(10, 19)"
5,0,0,0,M,Anx,"(10, 19)"
6,0,0,0,M,Anx,"(10, 19)"
7,0,0,0,M,Anx,"(10, 19)"
8,0,0,0,M,Anx,"(10, 19)"
9,0,0,0,M,Anx,"(10, 19)"
10,0,0,0,M,Anx,"(10, 19)"
11,0,0,0,M,Anx,"(10, 19)"
12,0,0,0,M,Anx,"(10, 19)"
13,0,0,0,M,Anx,"(10, 19)"
14,0,0,0,M,Anx,"(10, 19)"
15,0,0,0,M,Anx,"(10, 19)"
16,1,1,1,M,Anx,"(10, 19)"
17,1,1,1,M,Anx,"(10, 19)"
18,1,1,1,M,Anx,"(10, 19)"
19,1,1,1,M,Anx,"(10, 19)"
20,1,1,1,M,Anx,"(10, 19)"
21,1,1,1,M,Anx,"(10, 19)"
22,1,1,1,M,Anx,"(10, 19)"
23,1,1,1,M,Anx,"(10, 19)"
24,1,1,1,M,Anx,"(10, 19)"
25,1,1,1,M,Anx,"(10, 19)"
26,1,1,1,M,Anx,"(10, 19)"
27,1,1,1,M,Anx,"(10, 19)"
28,1,1,1,M,Anx,"(10, 19)"
29,1,1,1,M,Anx,"(10, 19)"
30,1,1,1,M,Anx,"(10, 19)"
31,1,1,1,M,Anx,"(10, 19)"
32,1,1,1,M,Anx,"(10, 19)"
33,1,1,1,M,Anx,"(10, 19)"
34,1,1,1,M,Anx,"(10, 19)"
35,1,1,1,M,Anx,"(10, 19)"
36,1,1,1,M,Anx,"(10, 19)"
37,1,1,1,M,Anx,"(10, 19)"
38,1,1,1,M,Anx,"(10, 19)"
39,1,1,1,M,Anx,"(10, 19)"
40,1,1,1,M,Anx,"(10, 19)"
41,1,1,1,M,Anx,"(10, 19)"
42,1,1,1,M,Anx,"(10, 19)"
43,1,1,1,M,Anx,"(10, 19)"
44,1,1,1,M,Anx,"(10, 19)"
45,1,1,1,M,Anx,"(10, 19)"
46,1,1,1,M,Anx,"(10, 19)"
47,1,1,1,M,Anx,"(10, 19)"
48,1,1,1,M,Anx,"(10, 19)"
49,1,1,1,M,Anx,"(10, 19)"
50,1,1,1,M,Anx,"(10, 19)"
51,3,3,3,M,Anx,"(10, 19)"
52,3,3,3,M,Anx,"(10, 19)"
53,3,3,3,M,Anx,"(10, 19)"
54,3,3,3,M,Anx,"(10, 19)"
55,3,3,3,M,Anx,"(10, 19)"
56,3,3,3,M,Anx,"(10, 19)"
57,3,3,3,M,Anx,"(10, 19)"
58,3,3,3,M,Anx,"(10, 19)"
59,3,3,3,M,Anx,"(10, 19)"
60,3,3,3,M,Anx,"(10, 19)"
61,3,3,3,M,Anx,"(10, 19)"
62,3,3,3,M,Anx,"(10, 19)"
63,3,3,3,M,Anx,"(10, 19)"
64,3,3,3,M,Anx,"(10, 19)"
65,3,3,3,M,Anx,"(10, 19)"
66,3,3,3,M,Anx,"(10, 19)"
67,3,3,3,M,Anx,"(10, 19)"
68,3,3,3,M,Anx,"(10, 19)"
69,3,3,3,M,Anx,"(10, 19)"
70,3,3,3,M,Anx,"(10, 19)"
71,3,3,3,M,Anx,"(10, 19)"
72,3,3,3,M,Anx,"(10, 19)"
73,3,3,3,M,Anx,"(10, 19)"
74,3,3,3,M,Anx,"(10, 19)"
75,3,3,3,M,Anx,"(10, 19)"
76,3,3,3,M,Anx,"(10, 19)"
77,3,3,3,M,Anx,"(10, 19)"
78,3,3,3,M,Anx,"(10, 19)"
79,3,3,3,M,Anx,"(10, 19)"
80,3,3,3,M,Anx,"(10, 19)"
81,3,3,3,M,Anx,"(10, 19)"
82,3,3,3,M,Anx,"(10, 19)"
83,3,3,3,M,Anx,"(10, 19)"
84,3,3,3,M,Anx,"(10, 19)"
85,3,3,3,M,Anx,"(10, 19)"
86,3,3,3,M,Anx,"(10, 19)"
87,3,3,3,M,Anx,"(10, 19)"
88,3,3,3,M,Anx,"(10, 19)"
89,3,3,3,M,Anx,"(10, 19)"
90,3,3,3,M,Anx,"(10, 19)"
91,3,3,3,M,Anx,"(10, 19)"
92,3,3,3,M,Anx,"(10, 19)"
93,3,3,3,M,Anx,"(10, 19)"
94,3,3,3,M,Anx,"(10, 19)"
95,3,3,3,M,Anx,"(10, 19)"
96,3,3,3,M,Anx,"(10, 19)"
97,3,3,3,M,Anx,"(10, 19)"
98,3,3,3,M,Anx,"(10, 19)"
99,3,3,3,M,Anx,"(10, 19)"
100,3,3,3,M,Anx,"(10, 19)"
0,0,0,0,M,Dep,"(10, 19)"
1,0,0,0,M,Dep,"(10, 19)"
2,0,0,0,M,Dep,"(10, 19)"
3,0,0,0,M,Dep,"(10, 19)"
4,0,0,0,M,Dep,"(10, 19)"
5,0,0,0,M,Dep,"(10, 19)"
6,0,0,0,M,Dep,"(10, 19)"
7,0,0,0,M,Dep,"(10, 19)"
8,0,0,0,M,Dep,"(10, 19)"
9,0,0,0,M,Dep,"(10, 19)"
10,0,0,0,M,Dep,"(10, 19)"
11,0,0,0,M,Dep,"(10, 19)"
12,0,0,0,M,Dep,"(10, 19)"
13,0,0,0,M,Dep,"(10, 19)"
14,0,0,0,M,Dep,"(10, 19)"
15,0,0,0,M,Dep,"(10, 19)"
16,0,0,0,M,Dep,"(10, 19)"
17,0,0,0,M,Dep,"(10, 19)"
18,0,0,0,M,Dep,"(10, 19)"
19,2,2,2,M,Dep,"(10, 19)"
20,2,2,2,M,Dep,"(10, 19)"
21,2,2,2,M,Dep,"(10, 19)"
22,2,2,2,M,Dep,"(10, 19)"
23,2,2,2,M,Dep,"(10, 19)"
24,2,2,2,M,Dep,"(10, 19)"
25,2,2,2,M,Dep,"(10, 19)"
26,2,2,2,M,Dep,"(10, 19)"
27,2,2,2,M,Dep,"(10, 19)"
28,2,2,2,M,Dep,"(10, 19)"
29,2,2,2,M,Dep,"(10, 19)"
30,2,2,2,M,Dep,"(10, 19)"
31,2,2,2,M,Dep,"(10, 19)"
32,2,2,2,M,Dep,"(10, 19)"
33,2,2,2,M,Dep,"(10, 19)"
34,2,2,2,M,Dep,"(10, 19)"
35,2,2,2,M,Dep,"(10, 19)"
36,2,2,2,M,Dep,"(10, 19)"
37,2,2,2,M,Dep,"(10, 19)"
38,2,2,2,M,Dep,"(10, 19)"
39,2,2,2,M,Dep,"(10, 19)"
40,2,2,2,M,Dep,"(10, 19)"
41,2,2,2,M,Dep,"(10, 19)"
42,2,2,2,M,Dep,"(10, 19)"
43,2,2,2,M,Dep,"(10, 19)"
44,2,2,2,M,Dep,"(10, 19)"
45,2,2,2,M,Dep,"(10, 19)"
46,2,2,2,M,Dep,"(10, 19)"
47,2,2,2,M,Dep,"(10, 19)"
48,2,2,2,M,Dep,"(10, 19)"
49,2,2,2,M,Dep,"(10, 19)"
50,2,2,2,M,Dep,"(10, 19)"
51,2,2,2,M,Dep,"(10, 19)"
52,2,2,2,M,Dep,"(10, 19)"
53,2,2,2,M,Dep,"(10, 19)"
54,2,2,2,M,Dep,"(10, 19)"
55,2,2,2,M,Dep,"(10, 19)"
56,2,2,2,M,Dep,"(10, 19)"
57,2,2,2,M,Dep,"(10, 19)"
58,2,2,2,M,Dep,"(10, 19)"
59,2,2,2,M,Dep,"(10, 19)"
60,2,2,2,M,Dep,"(10, 19)"
61,2,2,2,M,Dep,"(10, 19)"
62,2,2,2,M,Dep,"(10, 19)"
63,2,2,2,M,Dep,"(10, 19)"
64,2,2,2,M,Dep,"(10, 19)"
65,2,2,2,M,Dep,"(10, 19)"
66,2,2,2,M,Dep,"(10, 19)"
67,2,2,2,M,Dep,"(10, 19)"
68,2,2,2,M,Dep,"(10, 19)"
69,2,2,2,M,Dep,"(10, 19)"
70,2,2,2,M,Dep,"(10, 19)"
71,2,2,2,M,Dep,"(10, 19)"
72,2,2,2,M,Dep,"(10, 19)"
73,2,2,2,M,Dep,"(10, 19)"
74,2,2,2,M,Dep,"(10, 19)"
75,2,2,2,M,Dep,"(10, 19)"
76,2,2,2,M,Dep,"(10, 19)"
77,2,2,2,M,Dep,"(10, 19)"
78,2,2,2,M,Dep,"(10, 19)"
79,2,2,2,M,Dep,"(10, 19)"
80,2,2,2,M,Dep,"(10, 19)"
81,2,2,2,M,Dep,"(10, 19)"
82,2,2,2,M,Dep,"(10, 19)"
83,2,2,2,M,Dep,"(10, 19)"
84,2,2,2,M,Dep,"(10, 19)"
85,2,2,2,M,Dep,"(10, 19)"
86,2,2,2,M,Dep,"(10, 19)"
87,2,2,2,M,Dep,"(10, 19)"
88,2,2,2,M,Dep,"(10, 19)"
89,2,2,2,M,Dep,"(10, 19)"
90,2,2,2,M,Dep,"(10, 19)"
91,2,2,2,M,Dep,"(10, 19)"
92,2,2,2,M,Dep,"(10, 19)"
93,2,2,2,M,Dep,"(10, 19)"
94,2,2,2,M,Dep,"(10, 19)"
95,2,2,2,M,Dep,"(10, 19)"
96,2,2,2,M,Dep,"(10, 19)"
97,2,2,2,M,Dep,"(10, 19)"
98,2,2,2,M,Dep,"(10, 19)"
99,2,2,2,M,Dep,"(10, 19)"
100,2,2,2,M,Dep,"(10, 19)"
0,0,0,0,M,HS,"(0, 9)"
1,0,0,0,M,HS,"(0, 9)"
2,0,0,0,M,HS,"(0, 9)"
3,0,0,0,M,HS,"(0, 9)"
4,0,0,0,M,HS,"(0, 9)"
5,0,0,0,M,HS,"(0, 9)"
6,0,0,0,M,HS,"(0, 9)"
7,0,0,0,M,HS,"(0, 9)"
8,0,0,0,M,HS,"(0, 9)"
9,0,0,0,M,HS,"(0, 9)"
10,0,0,0,M,HS,"(0, 9)"
11,0,0,0,M,HS,"(0, 9)"
12,0,0,0,M,HS,"(0, 9)"
13,0,0,0,M,HS,"(0, 9)"
14,0,0,0,M,HS,"(0, 9)"
15,0,0,0,M,HS,"(0, 9)"
16,0.166666667,0,0.333333333,M,HS,"(0, 9)"
17,0.166666667,0,0.333333333,M,HS,"(0, 9)"
18,0.166666667,0,0.333333333,M,HS,"(0, 9)"
19,0.5,0,0.75,M,HS,"(0, 9)"
20,0.5,0,0.75,M,HS,"(0, 9)"
21,0.5,0,0.75,M,HS,"(0, 9)"
22,0.5,0,0.75,M,HS,"(0, 9)"
23,0.5,0,0.75,M,HS,"(0, 9)"
24,0.5,0,0.75,M,HS,"(0, 9)"
25,0.5,0,0.75,M,HS,"(0, 9)"
26,0.5,0,0.75,M,HS,"(0, 9)"
27,0.5,0,0.75,M,HS,"(0, 9)"
28,0.5,0,0.75,M,HS,"(0, 9)"
29,0.5,0,0.75,M,HS,"(0, 9)"
30,0.5,0,0.75,M,HS,"(0, 9)"
31,0.5,0,0.75,M,HS,"(0, 9)"
32,0.5,0,0.75,M,HS,"(0, 9)"
33,0.5,0,0.75,M,HS,"(0, 9)"
34,0.5,0,0.75,M,HS,"(0, 9)"
35,0.7,0.289583333,1.083333333,M,HS,"(0, 9)"
36,0.7,0.289583333,1.083333333,M,HS,"(0, 9)"
37,0.7,0.289583333,1.083333333,M,HS,"(0, 9)"
38,0.7,0.289583333,1.083333333,M,HS,"(0, 9)"
39,0.7,0.289583333,1.083333333,M,HS,"(0, 9)"
40,0.7,0.289583333,1.083333333,M,HS,"(0, 9)"
41,0.7,0.289583333,1.083333333,M,HS,"(0, 9)"
42,0.7,0.289583333,1.083333333,M,HS,"(0, 9)"
43,0.7,0.289583333,1.083333333,M,HS,"(0, 9)"
44,0.7,0.289583333,1.083333333,M,HS,"(0, 9)"
45,0.7,0.289583333,1.083333333,M,HS,"(0, 9)"
46,0.7,0.289583333,1.083333333,M,HS,"(0, 9)"
47,0.7,0.289583333,1.083333333,M,HS,"(0, 9)"
48,0.7,0.289583333,1.083333333,M,HS,"(0, 9)"
49,0.7,0.289583333,1.083333333,M,HS,"(0, 9)"
50,0.7,0.289583333,1.083333333,M,HS,"(0, 9)"
51,1.366666667,0.333333333,2.345833333,M,HS,"(0, 9)"
52,1.366666667,0.333333333,2.345833333,M,HS,"(0, 9)"
53,1.366666667,0.333333333,2.345833333,M,HS,"(0, 9)"
54,1.366666667,0.333333333,2.345833333,M,HS,"(0, 9)"
55,1.366666667,0.333333333,2.345833333,M,HS,"(0, 9)"
56,1.366666667,0.333333333,2.345833333,M,HS,"(0, 9)"
57,1.366666667,0.333333333,2.345833333,M,HS,"(0, 9)"
58,1.366666667,0.333333333,2.345833333,M,HS,"(0, 9)"
59,1.366666667,0.333333333,2.345833333,M,HS,"(0, 9)"
60,1.366666667,0.333333333,2.345833333,M,HS,"(0, 9)"
61,1.366666667,0.333333333,2.345833333,M,HS,"(0, 9)"
62,1.366666667,0.333333333,2.345833333,M,HS,"(0, 9)"
63,1.366666667,0.333333333,2.345833333,M,HS,"(0, 9)"
64,1.366666667,0.333333333,2.345833333,M,HS,"(0, 9)"
65,1.366666667,0.333333333,2.345833333,M,HS,"(0, 9)"
66,1.366666667,0.333333333,2.345833333,M,HS,"(0, 9)"
67,1.366666667,0.333333333,2.345833333,M,HS,"(0, 9)"
68,1.366666667,0.333333333,2.345833333,M,HS,"(0, 9)"
69,1.366666667,0.333333333,2.345833333,M,HS,"(0, 9)"
70,1.366666667,0.333333333,2.345833333,M,HS,"(0, 9)"
71,1.366666667,0.333333333,2.345833333,M,HS,"(0, 9)"
72,1.366666667,0.333333333,2.345833333,M,HS,"(0, 9)"
73,1.366666667,0.333333333,2.345833333,M,HS,"(0, 9)"
74,1.366666667,0.333333333,2.345833333,M,HS,"(0, 9)"
75,1.366666667,0.333333333,2.345833333,M,HS,"(0, 9)"
76,1.366666667,0.333333333,2.345833333,M,HS,"(0, 9)"
77,1.366666667,0.333333333,2.345833333,M,HS,"(0, 9)"
78,1.366666667,0.333333333,2.345833333,M,HS,"(0, 9)"
79,1.366666667,0.333333333,2.345833333,M,HS,"(0, 9)"
80,1.366666667,0.333333333,2.345833333,M,HS,"(0, 9)"
81,1.366666667,0.333333333,2.345833333,M,HS,"(0, 9)"
82,1.366666667,0.333333333,2.345833333,M,HS,"(0, 9)"
83,1.366666667,0.333333333,2.345833333,M,HS,"(0, 9)"
84,1.366666667,0.333333333,2.345833333,M,HS,"(0, 9)"
85,1.366666667,0.333333333,2.345833333,M,HS,"(0, 9)"
86,1.366666667,0.333333333,2.345833333,M,HS,"(0, 9)"
87,1.366666667,0.333333333,2.345833333,M,HS,"(0, 9)"
88,1.366666667,0.333333333,2.345833333,M,HS,"(0, 9)"
89,1.366666667,0.333333333,2.345833333,M,HS,"(0, 9)"
90,1.366666667,0.333333333,2.345833333,M,HS,"(0, 9)"
91,1.366666667,0.333333333,2.345833333,M,HS,"(0, 9)"
92,1.366666667,0.333333333,2.345833333,M,HS,"(0, 9)"
93,1.366666667,0.333333333,2.345833333,M,HS,"(0, 9)"
94,1.366666667,0.333333333,2.345833333,M,HS,"(0, 9)"
95,1.366666667,0.333333333,2.345833333,M,HS,"(0, 9)"
96,1.366666667,0.333333333,2.345833333,M,HS,"(0, 9)"
97,1.366666667,0.333333333,2.345833333,M,HS,"(0, 9)"
98,1.366666667,0.333333333,2.345833333,M,HS,"(0, 9)"
99,1.366666667,0.333333333,2.345833333,M,HS,"(0, 9)"
100,1.366666667,0.333333333,2.345833333,M,HS,"(0, 9)"
0,0,0,0,M,HS,"(10, 19)"
1,0,0,0,M,HS,"(10, 19)"
2,0,0,0,M,HS,"(10, 19)"
3,0,0,0,M,HS,"(10, 19)"
4,0,0,0,M,HS,"(10, 19)"
5,0,0,0,M,HS,"(10, 19)"
6,0,0,0,M,HS,"(10, 19)"
7,0,0,0,M,HS,"(10, 19)"
8,0,0,0,M,HS,"(10, 19)"
9,0,0,0,M,HS,"(10, 19)"
10,0,0,0,M,HS,"(10, 19)"
11,0,0,0,M,HS,"(10, 19)"
12,0,0,0,M,HS,"(10, 19)"
13,0,0,0,M,HS,"(10, 19)"
14,0,0,0,M,HS,"(10, 19)"
15,0,0,0,M,HS,"(10, 19)"
16,0,0,0,M,HS,"(10, 19)"
17,0,0,0,M,HS,"(10, 19)"
18,0,0,0,M,HS,"(10, 19)"
19,0,0,0,M,HS,"(10, 19)"
20,0,0,0,M,HS,"(10, 19)"
21,0,0,0,M,HS,"(10, 19)"
22,0,0,0,M,HS,"(10, 19)"
23,0,0,0,M,HS,"(10, 19)"
24,0,0,0,M,HS,"(10, 19)"
25,0,0,0,M,HS,"(10, 19)"
26,0,0,0,M,HS,"(10, 19)"
27,0,0,0,M,HS,"(10, 19)"
28,0,0,0,M,HS,"(10, 19)"
29,0,0,0,M,HS,"(10, 19)"
30,0,0,0,M,HS,"(10, 19)"
31,0,0,0,M,HS,"(10, 19)"
32,0,0,0,M,HS,"(10, 19)"
33,0,0,0,M,HS,"(10, 19)"
34,0,0,0,M,HS,"(10, 19)"
35,0.333333333,0,0.7625,M,HS,"(10, 19)"
36,0.333333333,0,0.7625,M,HS,"(10, 19)"
37,0.333333333,0,0.7625,M,HS,"(10, 19)"
38,0.333333333,0,0.7625,M,HS,"(10, 19)"
39,0.333333333,0,0.7625,M,HS,"(10, 19)"
40,0.333333333,0,0.7625,M,HS,"(10, 19)"
41,0.333333333,0,0.7625,M,HS,"(10, 19)"
42,0.333333333,0,0.7625,M,HS,"(10, 19)"
43,0.333333333,0,0.7625,M,HS,"(10, 19)"
44,0.333333333,0,0.7625,M,HS,"(10, 19)"
45,0.333333333,0,0.7625,M,HS,"(10, 19)"
46,0.333333333,0,0.7625,M,HS,"(10, 19)"
47,0.333333333,0,0.7625,M,HS,"(10, 19)"
48,0.333333333,0,0.7625,M,HS,"(10, 19)"
49,0.333333333,0,0.7625,M,HS,"(10, 19)"
50,0.333333333,0,0.7625,M,HS,"(10, 19)"
51,0.333333333,0,0.7625,M,HS,"(10, 19)"
52,0.333333333,0,0.7625,M,HS,"(10, 19)"
53,0.333333333,0,0.7625,M,HS,"(10, 19)"
54,0.333333333,0,0.7625,M,HS,"(10, 19)"
55,0.333333333,0,0.7625,M,HS,"(10, 19)"
56,0.333333333,0,0.7625,M,HS,"(10, 19)"
57,0.333333333,0,0.7625,M,HS,"(10, 19)"
58,0.333333333,0,0.7625,M,HS,"(10, 19)"
59,0.333333333,0,0.7625,M,HS,"(10, 19)"
60,0.333333333,0,0.7625,M,HS,"(10, 19)"
61,0.333333333,0,0.7625,M,HS,"(10, 19)"
62,0.333333333,0,0.7625,M,HS,"(10, 19)"
63,0.333333333,0,0.7625,M,HS,"(10, 19)"
64,0.333333333,0,0.7625,M,HS,"(10, 19)"
65,0.333333333,0,0.7625,M,HS,"(10, 19)"
66,0.333333333,0,0.7625,M,HS,"(10, 19)"
67,0.333333333,0,0.7625,M,HS,"(10, 19)"
68,0.333333333,0,0.7625,M,HS,"(10, 19)"
69,0.333333333,0,0.7625,M,HS,"(10, 19)"
70,0.333333333,0,0.7625,M,HS,"(10, 19)"
71,0.333333333,0,0.7625,M,HS,"(10, 19)"
72,0.333333333,0,0.7625,M,HS,"(10, 19)"
73,0.333333333,0,0.7625,M,HS,"(10, 19)"
74,0.333333333,0,0.7625,M,HS,"(10, 19)"
75,0.333333333,0,0.7625,M,HS,"(10, 19)"
76,0.333333333,0,0.7625,M,HS,"(10, 19)"
77,0.333333333,0,0.7625,M,HS,"(10, 19)"
78,0.333333333,0,0.7625,M,HS,"(10, 19)"
79,0.333333333,0,0.7625,M,HS,"(10, 19)"
80,0.333333333,0,0.7625,M,HS,"(10, 19)"
81,0.333333333,0,0.7625,M,HS,"(10, 19)"
82,0.333333333,0,0.7625,M,HS,"(10, 19)"
83,0.333333333,0,0.7625,M,HS,"(10, 19)"
84,0.333333333,0,0.7625,M,HS,"(10, 19)"
85,0.333333333,0,0.7625,M,HS,"(10, 19)"
86,0.333333333,0,0.7625,M,HS,"(10, 19)"
87,0.333333333,0,0.7625,M,HS,"(10, 19)"
88,0.333333333,0,0.7625,M,HS,"(10, 19)"
89,0.333333333,0,0.7625,M,HS,"(10, 19)"
90,0.333333333,0,0.7625,M,HS,"(10, 19)"
91,0.333333333,0,0.7625,M,HS,"(10, 19)"
92,0.333333333,0,0.7625,M,HS,"(10, 19)"
93,0.333333333,0,0.7625,M,HS,"(10, 19)"
94,0.333333333,0,0.7625,M,HS,"(10, 19)"
95,0.333333333,0,0.7625,M,HS,"(10, 19)"
96,0.333333333,0,0.7625,M,HS,"(10, 19)"
97,0.333333333,0,0.7625,M,HS,"(10, 19)"
98,0.333333333,0,0.7625,M,HS,"(10, 19)"
99,0.333333333,0,0.7625,M,HS,"(10, 19)"
100,0.333333333,0,0.7625,M,HS,"(10, 19)"
0,0,0,0,M,HS,"(20, 29)"
1,0,0,0,M,HS,"(20, 29)"
2,0,0,0,M,HS,"(20, 29)"
3,0,0,0,M,HS,"(20, 29)"
4,0,0,0,M,HS,"(20, 29)"
5,0,0,0,M,HS,"(20, 29)"
6,0,0,0,M,HS,"(20, 29)"
7,0,0,0,M,HS,"(20, 29)"
8,0,0,0,M,HS,"(20, 29)"
9,0,0,0,M,HS,"(20, 29)"
10,0,0,0,M,HS,"(20, 29)"
11,0,0,0,M,HS,"(20, 29)"
12,0,0,0,M,HS,"(20, 29)"
13,0,0,0,M,HS,"(20, 29)"
14,0,0,0,M,HS,"(20, 29)"
15,0,0,0,M,HS,"(20, 29)"
16,0,0,0,M,HS,"(20, 29)"
17,0,0,0,M,HS,"(20, 29)"
18,0,0,0,M,HS,"(20, 29)"
19,0,0,0,M,HS,"(20, 29)"
20,0,0,0,M,HS,"(20, 29)"
21,0,0,0,M,HS,"(20, 29)"
22,0,0,0,M,HS,"(20, 29)"
23,0,0,0,M,HS,"(20, 29)"
24,0,0,0,M,HS,"(20, 29)"
25,0,0,0,M,HS,"(20, 29)"
26,0,0,0,M,HS,"(20, 29)"
27,0,0,0,M,HS,"(20, 29)"
28,0,0,0,M,HS,"(20, 29)"
29,0,0,0,M,HS,"(20, 29)"
30,0,0,0,M,HS,"(20, 29)"
31,0,0,0,M,HS,"(20, 29)"
32,0,0,0,M,HS,"(20, 29)"
33,0,0,0,M,HS,"(20, 29)"
34,0,0,0,M,HS,"(20, 29)"
35,0.333333333,0,1,M,HS,"(20, 29)"
36,0.333333333,0,1,M,HS,"(20, 29)"
37,0.333333333,0,1,M,HS,"(20, 29)"
38,0.333333333,0,1,M,HS,"(20, 29)"
39,0.333333333,0,1,M,HS,"(20, 29)"
40,0.333333333,0,1,M,HS,"(20, 29)"
41,0.333333333,0,1,M,HS,"(20, 29)"
42,0.333333333,0,1,M,HS,"(20, 29)"
43,0.333333333,0,1,M,HS,"(20, 29)"
44,0.333333333,0,1,M,HS,"(20, 29)"
45,0.333333333,0,1,M,HS,"(20, 29)"
46,0.333333333,0,1,M,HS,"(20, 29)"
47,0.333333333,0,1,M,HS,"(20, 29)"
48,0.333333333,0,1,M,HS,"(20, 29)"
49,0.333333333,0,1,M,HS,"(20, 29)"
50,0.333333333,0,1,M,HS,"(20, 29)"
51,0.333333333,0,1,M,HS,"(20, 29)"
52,0.333333333,0,1,M,HS,"(20, 29)"
53,0.333333333,0,1,M,HS,"(20, 29)"
54,0.333333333,0,1,M,HS,"(20, 29)"
55,0.333333333,0,1,M,HS,"(20, 29)"
56,0.333333333,0,1,M,HS,"(20, 29)"
57,0.333333333,0,1,M,HS,"(20, 29)"
58,0.333333333,0,1,M,HS,"(20, 29)"
59,0.333333333,0,1,M,HS,"(20, 29)"
60,0.333333333,0,1,M,HS,"(20, 29)"
61,0.333333333,0,1,M,HS,"(20, 29)"
62,0.333333333,0,1,M,HS,"(20, 29)"
63,0.333333333,0,1,M,HS,"(20, 29)"
64,0.333333333,0,1,M,HS,"(20, 29)"
65,0.333333333,0,1,M,HS,"(20, 29)"
66,0.333333333,0,1,M,HS,"(20, 29)"
67,0.333333333,0,1,M,HS,"(20, 29)"
68,0.333333333,0,1,M,HS,"(20, 29)"
69,0.333333333,0,1,M,HS,"(20, 29)"
70,0.333333333,0,1,M,HS,"(20, 29)"
71,0.333333333,0,1,M,HS,"(20, 29)"
72,0.333333333,0,1,M,HS,"(20, 29)"
73,0.333333333,0,1,M,HS,"(20, 29)"
74,0.333333333,0,1,M,HS,"(20, 29)"
75,0.333333333,0,1,M,HS,"(20, 29)"
76,0.333333333,0,1,M,HS,"(20, 29)"
77,0.333333333,0,1,M,HS,"(20, 29)"
78,0.333333333,0,1,M,HS,"(20, 29)"
79,0.333333333,0,1,M,HS,"(20, 29)"
80,0.333333333,0,1,M,HS,"(20, 29)"
81,0.333333333,0,1,M,HS,"(20, 29)"
82,0.333333333,0,1,M,HS,"(20, 29)"
83,0.333333333,0,1,M,HS,"(20, 29)"
84,0.333333333,0,1,M,HS,"(20, 29)"
85,0.333333333,0,1,M,HS,"(20, 29)"
86,0.333333333,0,1,M,HS,"(20, 29)"
87,0.333333333,0,1,M,HS,"(20, 29)"
88,0.333333333,0,1,M,HS,"(20, 29)"
89,0.333333333,0,1,M,HS,"(20, 29)"
90,0.333333333,0,1,M,HS,"(20, 29)"
91,0.333333333,0,1,M,HS,"(20, 29)"
92,0.333333333,0,1,M,HS,"(20, 29)"
93,0.333333333,0,1,M,HS,"(20, 29)"
94,0.333333333,0,1,M,HS,"(20, 29)"
95,0.333333333,0,1,M,HS,"(20, 29)"
96,0.333333333,0,1,M,HS,"(20, 29)"
97,0.333333333,0,1,M,HS,"(20, 29)"
98,0.333333333,0,1,M,HS,"(20, 29)"
99,0.333333333,0,1,M,HS,"(20, 29)"
100,0.333333333,0,1,M,HS,"(20, 29)"
0,0,0,0,M,HS,"(30, 39)"
1,0,0,0,M,HS,"(30, 39)"
2,0,0,0,M,HS,"(30, 39)"
3,0,0,0,M,HS,"(30, 39)"
4,0,0,0,M,HS,"(30, 39)"
5,0,0,0,M,HS,"(30, 39)"
6,0,0,0,M,HS,"(30, 39)"
7,0,0,0,M,HS,"(30, 39)"
8,0,0,0,M,HS,"(30, 39)"
9,0,0,0,M,HS,"(30, 39)"
10,0,0,0,M,HS,"(30, 39)"
11,0,0,0,M,HS,"(30, 39)"
12,0,0,0,M,HS,"(30, 39)"
13,0,0,0,M,HS,"(30, 39)"
14,0,0,0,M,HS,"(30, 39)"
15,0,0,0,M,HS,"(30, 39)"
16,0,0,0,M,HS,"(30, 39)"
17,0,0,0,M,HS,"(30, 39)"
18,0,0,0,M,HS,"(30, 39)"
19,0,0,0,M,HS,"(30, 39)"
20,0,0,0,M,HS,"(30, 39)"
21,0,0,0,M,HS,"(30, 39)"
22,0,0,0,M,HS,"(30, 39)"
23,0,0,0,M,HS,"(30, 39)"
24,0,0,0,M,HS,"(30, 39)"
25,0,0,0,M,HS,"(30, 39)"
26,0,0,0,M,HS,"(30, 39)"
27,0,0,0,M,HS,"(30, 39)"
28,0,0,0,M,HS,"(30, 39)"
29,0,0,0,M,HS,"(30, 39)"
30,0,0,0,M,HS,"(30, 39)"
31,0,0,0,M,HS,"(30, 39)"
32,0,0,0,M,HS,"(30, 39)"
33,0,0,0,M,HS,"(30, 39)"
34,0,0,0,M,HS,"(30, 39)"
35,0,0,0,M,HS,"(30, 39)"
36,0,0,0,M,HS,"(30, 39)"
37,0,0,0,M,HS,"(30, 39)"
38,0,0,0,M,HS,"(30, 39)"
39,0,0,0,M,HS,"(30, 39)"
40,0,0,0,M,HS,"(30, 39)"
41,0,0,0,M,HS,"(30, 39)"
42,0,0,0,M,HS,"(30, 39)"
43,0,0,0,M,HS,"(30, 39)"
44,0,0,0,M,HS,"(30, 39)"
45,0,0,0,M,HS,"(30, 39)"
46,0,0,0,M,HS,"(30, 39)"
47,0,0,0,M,HS,"(30, 39)"
48,0,0,0,M,HS,"(30, 39)"
49,0,0,0,M,HS,"(30, 39)"
50,0,0,0,M,HS,"(30, 39)"
51,0,0,0,M,HS,"(30, 39)"
52,0,0,0,M,HS,"(30, 39)"
53,0,0,0,M,HS,"(30, 39)"
54,0,0,0,M,HS,"(30, 39)"
55,0,0,0,M,HS,"(30, 39)"
56,0,0,0,M,HS,"(30, 39)"
57,0,0,0,M,HS,"(30, 39)"
58,0,0,0,M,HS,"(30, 39)"
59,0,0,0,M,HS,"(30, 39)"
60,0,0,0,M,HS,"(30, 39)"
61,0,0,0,M,HS,"(30, 39)"
62,0,0,0,M,HS,"(30, 39)"
63,0,0,0,M,HS,"(30, 39)"
64,0,0,0,M,HS,"(30, 39)"
65,0,0,0,M,HS,"(30, 39)"
66,0,0,0,M,HS,"(30, 39)"
67,0,0,0,M,HS,"(30, 39)"
68,0,0,0,M,HS,"(30, 39)"
69,0,0,0,M,HS,"(30, 39)"
70,0,0,0,M,HS,"(30, 39)"
71,0,0,0,M,HS,"(30, 39)"
72,0,0,0,M,HS,"(30, 39)"
73,0,0,0,M,HS,"(30, 39)"
74,0,0,0,M,HS,"(30, 39)"
75,0,0,0,M,HS,"(30, 39)"
76,0,0,0,M,HS,"(30, 39)"
77,0,0,0,M,HS,"(30, 39)"
78,0,0,0,M,HS,"(30, 39)"
79,0,0,0,M,HS,"(30, 39)"
80,0,0,0,M,HS,"(30, 39)"
81,0,0,0,M,HS,"(30, 39)"
82,0,0,0,M,HS,"(30, 39)"
83,0,0,0,M,HS,"(30, 39)"
84,0,0,0,M,HS,"(30, 39)"
85,0,0,0,M,HS,"(30, 39)"
86,0,0,0,M,HS,"(30, 39)"
87,0,0,0,M,HS,"(30, 39)"
88,0,0,0,M,HS,"(30, 39)"
89,0,0,0,M,HS,"(30, 39)"
90,0,0,0,M,HS,"(30, 39)"
91,0,0,0,M,HS,"(30, 39)"
92,0,0,0,M,HS,"(30, 39)"
93,0,0,0,M,HS,"(30, 39)"
94,0,0,0,M,HS,"(30, 39)"
95,0,0,0,M,HS,"(30, 39)"
96,0,0,0,M,HS,"(30, 39)"
97,0,0,0,M,HS,"(30, 39)"
98,0,0,0,M,HS,"(30, 39)"
99,0,0,0,M,HS,"(30, 39)"
100,0,0,0,M,HS,"(30, 39)"
0,0,0,0,M,HS,"(40, 49)"
1,0,0,0,M,HS,"(40, 49)"
2,0,0,0,M,HS,"(40, 49)"
3,0,0,0,M,HS,"(40, 49)"
4,0,0,0,M,HS,"(40, 49)"
5,0,0,0,M,HS,"(40, 49)"
6,0,0,0,M,HS,"(40, 49)"
7,0,0,0,M,HS,"(40, 49)"
8,0,0,0,M,HS,"(40, 49)"
9,0,0,0,M,HS,"(40, 49)"
10,0,0,0,M,HS,"(40, 49)"
11,0,0,0,M,HS,"(40, 49)"
12,0,0,0,M,HS,"(40, 49)"
13,0,0,0,M,HS,"(40, 49)"
14,0,0,0,M,HS,"(40, 49)"
15,0,0,0,M,HS,"(40, 49)"
16,0,0,0,M,HS,"(40, 49)"
17,0,0,0,M,HS,"(40, 49)"
18,0,0,0,M,HS,"(40, 49)"
19,0,0,0,M,HS,"(40, 49)"
20,0,0,0,M,HS,"(40, 49)"
21,0,0,0,M,HS,"(40, 49)"
22,0,0,0,M,HS,"(40, 49)"
23,0,0,0,M,HS,"(40, 49)"
24,0,0,0,M,HS,"(40, 49)"
25,0,0,0,M,HS,"(40, 49)"
26,0,0,0,M,HS,"(40, 49)"
27,0,0,0,M,HS,"(40, 49)"
28,0,0,0,M,HS,"(40, 49)"
29,0,0,0,M,HS,"(40, 49)"
30,0,0,0,M,HS,"(40, 49)"
31,0,0,0,M,HS,"(40, 49)"
32,0,0,0,M,HS,"(40, 49)"
33,0,0,0,M,HS,"(40, 49)"
34,0,0,0,M,HS,"(40, 49)"
35,0,0,0,M,HS,"(40, 49)"
36,0,0,0,M,HS,"(40, 49)"
37,0,0,0,M,HS,"(40, 49)"
38,0,0,0,M,HS,"(40, 49)"
39,0,0,0,M,HS,"(40, 49)"
40,0,0,0,M,HS,"(40, 49)"
41,0,0,0,M,HS,"(40, 49)"
42,0,0,0,M,HS,"(40, 49)"
43,0,0,0,M,HS,"(40, 49)"
44,0,0,0,M,HS,"(40, 49)"
45,0,0,0,M,HS,"(40, 49)"
46,0,0,0,M,HS,"(40, 49)"
47,0,0,0,M,HS,"(40, 49)"
48,0,0,0,M,HS,"(40, 49)"
49,0,0,0,M,HS,"(40, 49)"
50,0,0,0,M,HS,"(40, 49)"
51,0,0,0,M,HS,"(40, 49)"
52,0,0,0,M,HS,"(40, 49)"
53,0,0,0,M,HS,"(40, 49)"
54,0,0,0,M,HS,"(40, 49)"
55,0,0,0,M,HS,"(40, 49)"
56,0,0,0,M,HS,"(40, 49)"
57,0,0,0,M,HS,"(40, 49)"
58,0,0,0,M,HS,"(40, 49)"
59,0,0,0,M,HS,"(40, 49)"
60,0,0,0,M,HS,"(40, 49)"
61,0,0,0,M,HS,"(40, 49)"
62,0,0,0,M,HS,"(40, 49)"
63,0,0,0,M,HS,"(40, 49)"
64,0,0,0,M,HS,"(40, 49)"
65,0,0,0,M,HS,"(40, 49)"
66,0,0,0,M,HS,"(40, 49)"
67,0,0,0,M,HS,"(40, 49)"
68,0,0,0,M,HS,"(40, 49)"
69,0,0,0,M,HS,"(40, 49)"
70,0,0,0,M,HS,"(40, 49)"
71,0,0,0,M,HS,"(40, 49)"
72,0,0,0,M,HS,"(40, 49)"
73,0,0,0,M,HS,"(40, 49)"
74,0,0,0,M,HS,"(40, 49)"
75,0,0,0,M,HS,"(40, 49)"
76,0,0,0,M,HS,"(40, 49)"
77,0,0,0,M,HS,"(40, 49)"
78,0,0,0,M,HS,"(40, 49)"
79,0,0,0,M,HS,"(40, 49)"
80,0,0,0,M,HS,"(40, 49)"
81,0,0,0,M,HS,"(40, 49)"
82,0,0,0,M,HS,"(40, 49)"
83,0,0,0,M,HS,"(40, 49)"
84,0,0,0,M,HS,"(40, 49)"
85,0,0,0,M,HS,"(40, 49)"
86,0,0,0,M,HS,"(40, 49)"
87,0,0,0,M,HS,"(40, 49)"
88,0,0,0,M,HS,"(40, 49)"
89,0,0,0,M,HS,"(40, 49)"
90,0,0,0,M,HS,"(40, 49)"
91,0,0,0,M,HS,"(40, 49)"
92,0,0,0,M,HS,"(40, 49)"
93,0,0,0,M,HS,"(40, 49)"
94,0,0,0,M,HS,"(40, 49)"
95,0,0,0,M,HS,"(40, 49)"
96,0,0,0,M,HS,"(40, 49)"
97,0,0,0,M,HS,"(40, 49)"
98,0,0,0,M,HS,"(40, 49)"
99,0,0,0,M,HS,"(40, 49)"
100,0,0,0,M,HS,"(40, 49)"
0,0,0,0,M,HS,"(50, 59)"
1,0,0,0,M,HS,"(50, 59)"
2,0,0,0,M,HS,"(50, 59)"
3,0,0,0,M,HS,"(50, 59)"
4,0,0,0,M,HS,"(50, 59)"
5,0,0,0,M,HS,"(50, 59)"
6,0,0,0,M,HS,"(50, 59)"
7,0,0,0,M,HS,"(50, 59)"
8,0,0,0,M,HS,"(50, 59)"
9,0,0,0,M,HS,"(50, 59)"
10,0,0,0,M,HS,"(50, 59)"
11,0,0,0,M,HS,"(50, 59)"
12,0,0,0,M,HS,"(50, 59)"
13,0,0,0,M,HS,"(50, 59)"
14,0,0,0,M,HS,"(50, 59)"
15,0,0,0,M,HS,"(50, 59)"
16,0,0,0,M,HS,"(50, 59)"
17,0,0,0,M,HS,"(50, 59)"
18,0,0,0,M,HS,"(50, 59)"
19,0,0,0,M,HS,"(50, 59)"
20,0,0,0,M,HS,"(50, 59)"
21,0,0,0,M,HS,"(50, 59)"
22,0,0,0,M,HS,"(50, 59)"
23,0,0,0,M,HS,"(50, 59)"
24,0,0,0,M,HS,"(50, 59)"
25,0,0,0,M,HS,"(50, 59)"
26,0,0,0,M,HS,"(50, 59)"
27,0,0,0,M,HS,"(50, 59)"
28,0,0,0,M,HS,"(50, 59)"
29,0,0,0,M,HS,"(50, 59)"
30,0,0,0,M,HS,"(50, 59)"
31,0,0,0,M,HS,"(50, 59)"
32,0,0,0,M,HS,"(50, 59)"
33,0,0,0,M,HS,"(50, 59)"
34,0,0,0,M,HS,"(50, 59)"
35,0,0,0,M,HS,"(50, 59)"
36,0,0,0,M,HS,"(50, 59)"
37,0,0,0,M,HS,"(50, 59)"
38,0,0,0,M,HS,"(50, 59)"
39,0,0,0,M,HS,"(50, 59)"
40,0,0,0,M,HS,"(50, 59)"
41,0,0,0,M,HS,"(50, 59)"
42,0,0,0,M,HS,"(50, 59)"
43,0,0,0,M,HS,"(50, 59)"
44,0,0,0,M,HS,"(50, 59)"
45,0,0,0,M,HS,"(50, 59)"
46,0,0,0,M,HS,"(50, 59)"
47,0,0,0,M,HS,"(50, 59)"
48,0,0,0,M,HS,"(50, 59)"
49,0,0,0,M,HS,"(50, 59)"
50,0,0,0,M,HS,"(50, 59)"
51,0,0,0,M,HS,"(50, 59)"
52,0,0,0,M,HS,"(50, 59)"
53,0,0,0,M,HS,"(50, 59)"
54,0,0,0,M,HS,"(50, 59)"
55,0,0,0,M,HS,"(50, 59)"
56,0,0,0,M,HS,"(50, 59)"
57,0,0,0,M,HS,"(50, 59)"
58,0,0,0,M,HS,"(50, 59)"
59,0,0,0,M,HS,"(50, 59)"
60,0,0,0,M,HS,"(50, 59)"
61,0,0,0,M,HS,"(50, 59)"
62,0,0,0,M,HS,"(50, 59)"
63,0,0,0,M,HS,"(50, 59)"
64,0,0,0,M,HS,"(50, 59)"
65,0,0,0,M,HS,"(50, 59)"
66,0,0,0,M,HS,"(50, 59)"
67,0,0,0,M,HS,"(50, 59)"
68,0,0,0,M,HS,"(50, 59)"
69,0,0,0,M,HS,"(50, 59)"
70,0,0,0,M,HS,"(50, 59)"
71,0,0,0,M,HS,"(50, 59)"
72,0,0,0,M,HS,"(50, 59)"
73,0,0,0,M,HS,"(50, 59)"
74,0,0,0,M,HS,"(50, 59)"
75,0,0,0,M,HS,"(50, 59)"
76,0,0,0,M,HS,"(50, 59)"
77,0,0,0,M,HS,"(50, 59)"
78,0,0,0,M,HS,"(50, 59)"
79,0,0,0,M,HS,"(50, 59)"
80,0,0,0,M,HS,"(50, 59)"
81,0,0,0,M,HS,"(50, 59)"
82,0,0,0,M,HS,"(50, 59)"
83,0,0,0,M,HS,"(50, 59)"
84,0,0,0,M,HS,"(50, 59)"
85,0,0,0,M,HS,"(50, 59)"
86,0,0,0,M,HS,"(50, 59)"
87,0,0,0,M,HS,"(50, 59)"
88,0,0,0,M,HS,"(50, 59)"
89,0,0,0,M,HS,"(50, 59)"
90,0,0,0,M,HS,"(50, 59)"
91,0,0,0,M,HS,"(50, 59)"
92,0,0,0,M,HS,"(50, 59)"
93,0,0,0,M,HS,"(50, 59)"
94,0,0,0,M,HS,"(50, 59)"
95,0,0,0,M,HS,"(50, 59)"
96,0,0,0,M,HS,"(50, 59)"
97,0,0,0,M,HS,"(50, 59)"
98,0,0,0,M,HS,"(50, 59)"
99,0,0,0,M,HS,"(50, 59)"
100,0,0,0,M,HS,"(50, 59)"
0,0,0,0,M,HS,"(60, 69)"
1,0,0,0,M,HS,"(60, 69)"
2,0,0,0,M,HS,"(60, 69)"
3,0,0,0,M,HS,"(60, 69)"
4,0,0,0,M,HS,"(60, 69)"
5,0,0,0,M,HS,"(60, 69)"
6,0,0,0,M,HS,"(60, 69)"
7,0,0,0,M,HS,"(60, 69)"
8,0,0,0,M,HS,"(60, 69)"
9,0,0,0,M,HS,"(60, 69)"
10,0,0,0,M,HS,"(60, 69)"
11,0,0,0,M,HS,"(60, 69)"
12,0,0,0,M,HS,"(60, 69)"
13,0,0,0,M,HS,"(60, 69)"
14,0,0,0,M,HS,"(60, 69)"
15,0,0,0,M,HS,"(60, 69)"
16,0,0,0,M,HS,"(60, 69)"
17,0,0,0,M,HS,"(60, 69)"
18,0,0,0,M,HS,"(60, 69)"
19,0,0,0,M,HS,"(60, 69)"
20,0,0,0,M,HS,"(60, 69)"
21,0,0,0,M,HS,"(60, 69)"
22,0,0,0,M,HS,"(60, 69)"
23,0,0,0,M,HS,"(60, 69)"
24,0,0,0,M,HS,"(60, 69)"
25,0,0,0,M,HS,"(60, 69)"
26,0,0,0,M,HS,"(60, 69)"
27,0,0,0,M,HS,"(60, 69)"
28,0,0,0,M,HS,"(60, 69)"
29,0,0,0,M,HS,"(60, 69)"
30,0,0,0,M,HS,"(60, 69)"
31,0,0,0,M,HS,"(60, 69)"
32,0,0,0,M,HS,"(60, 69)"
33,0,0,0,M,HS,"(60, 69)"
34,0,0,0,M,HS,"(60, 69)"
35,0,0,0,M,HS,"(60, 69)"
36,0,0,0,M,HS,"(60, 69)"
37,0,0,0,M,HS,"(60, 69)"
38,0,0,0,M,HS,"(60, 69)"
39,0,0,0,M,HS,"(60, 69)"
40,0,0,0,M,HS,"(60, 69)"
41,0,0,0,M,HS,"(60, 69)"
42,0,0,0,M,HS,"(60, 69)"
43,0,0,0,M,HS,"(60, 69)"
44,0,0,0,M,HS,"(60, 69)"
45,0,0,0,M,HS,"(60, 69)"
46,0,0,0,M,HS,"(60, 69)"
47,0,0,0,M,HS,"(60, 69)"
48,0,0,0,M,HS,"(60, 69)"
49,0,0,0,M,HS,"(60, 69)"
50,0,0,0,M,HS,"(60, 69)"
51,0,0,0,M,HS,"(60, 69)"
52,0,0,0,M,HS,"(60, 69)"
53,0,0,0,M,HS,"(60, 69)"
54,0,0,0,M,HS,"(60, 69)"
55,0,0,0,M,HS,"(60, 69)"
56,0,0,0,M,HS,"(60, 69)"
57,0,0,0,M,HS,"(60, 69)"
58,0,0,0,M,HS,"(60, 69)"
59,0,0,0,M,HS,"(60, 69)"
60,0,0,0,M,HS,"(60, 69)"
61,0,0,0,M,HS,"(60, 69)"
62,0,0,0,M,HS,"(60, 69)"
63,0,0,0,M,HS,"(60, 69)"
64,0,0,0,M,HS,"(60, 69)"
65,0,0,0,M,HS,"(60, 69)"
66,0,0,0,M,HS,"(60, 69)"
67,0,0,0,M,HS,"(60, 69)"
68,0,0,0,M,HS,"(60, 69)"
69,0,0,0,M,HS,"(60, 69)"
70,0,0,0,M,HS,"(60, 69)"
71,0,0,0,M,HS,"(60, 69)"
72,0,0,0,M,HS,"(60, 69)"
73,0,0,0,M,HS,"(60, 69)"
74,0,0,0,M,HS,"(60, 69)"
75,0,0,0,M,HS,"(60, 69)"
76,0,0,0,M,HS,"(60, 69)"
77,0,0,0,M,HS,"(60, 69)"
78,0,0,0,M,HS,"(60, 69)"
79,0,0,0,M,HS,"(60, 69)"
80,0,0,0,M,HS,"(60, 69)"
81,0,0,0,M,HS,"(60, 69)"
82,0,0,0,M,HS,"(60, 69)"
83,0,0,0,M,HS,"(60, 69)"
84,0,0,0,M,HS,"(60, 69)"
85,0,0,0,M,HS,"(60, 69)"
86,0,0,0,M,HS,"(60, 69)"
87,0,0,0,M,HS,"(60, 69)"
88,0,0,0,M,HS,"(60, 69)"
89,0,0,0,M,HS,"(60, 69)"
90,0,0,0,M,HS,"(60, 69)"
91,0,0,0,M,HS,"(60, 69)"
92,0,0,0,M,HS,"(60, 69)"
93,0,0,0,M,HS,"(60, 69)"
94,0,0,0,M,HS,"(60, 69)"
95,0,0,0,M,HS,"(60, 69)"
96,0,0,0,M,HS,"(60, 69)"
97,0,0,0,M,HS,"(60, 69)"
98,0,0,0,M,HS,"(60, 69)"
99,0,0,0,M,HS,"(60, 69)"
100,0,0,0,M,HS,"(60, 69)"
0,0,0,0,M,HS,"(70, 79)"
1,0,0,0,M,HS,"(70, 79)"
2,0,0,0,M,HS,"(70, 79)"
3,0,0,0,M,HS,"(70, 79)"
4,0,0,0,M,HS,"(70, 79)"
5,0,0,0,M,HS,"(70, 79)"
6,0,0,0,M,HS,"(70, 79)"
7,0,0,0,M,HS,"(70, 79)"
8,0,0,0,M,HS,"(70, 79)"
9,0,0,0,M,HS,"(70, 79)"
10,0,0,0,M,HS,"(70, 79)"
11,0,0,0,M,HS,"(70, 79)"
12,0,0,0,M,HS,"(70, 79)"
13,0,0,0,M,HS,"(70, 79)"
14,0,0,0,M,HS,"(70, 79)"
15,0,0,0,M,HS,"(70, 79)"
16,0,0,0,M,HS,"(70, 79)"
17,0,0,0,M,HS,"(70, 79)"
18,0,0,0,M,HS,"(70, 79)"
19,0,0,0,M,HS,"(70, 79)"
20,0,0,0,M,HS,"(70, 79)"
21,0,0,0,M,HS,"(70, 79)"
22,0,0,0,M,HS,"(70, 79)"
23,0,0,0,M,HS,"(70, 79)"
24,0,0,0,M,HS,"(70, 79)"
25,0,0,0,M,HS,"(70, 79)"
26,0,0,0,M,HS,"(70, 79)"
27,0,0,0,M,HS,"(70, 79)"
28,0,0,0,M,HS,"(70, 79)"
29,0,0,0,M,HS,"(70, 79)"
30,0,0,0,M,HS,"(70, 79)"
31,0,0,0,M,HS,"(70, 79)"
32,0,0,0,M,HS,"(70, 79)"
33,0,0,0,M,HS,"(70, 79)"
34,0,0,0,M,HS,"(70, 79)"
35,0,0,0,M,HS,"(70, 79)"
36,0,0,0,M,HS,"(70, 79)"
37,0,0,0,M,HS,"(70, 79)"
38,0,0,0,M,HS,"(70, 79)"
39,0,0,0,M,HS,"(70, 79)"
40,0,0,0,M,HS,"(70, 79)"
41,0,0,0,M,HS,"(70, 79)"
42,0,0,0,M,HS,"(70, 79)"
43,0,0,0,M,HS,"(70, 79)"
44,0,0,0,M,HS,"(70, 79)"
45,0,0,0,M,HS,"(70, 79)"
46,0,0,0,M,HS,"(70, 79)"
47,0,0,0,M,HS,"(70, 79)"
48,0,0,0,M,HS,"(70, 79)"
49,0,0,0,M,HS,"(70, 79)"
50,0,0,0,M,HS,"(70, 79)"
51,0,0,0,M,HS,"(70, 79)"
52,0,0,0,M,HS,"(70, 79)"
53,0,0,0,M,HS,"(70, 79)"
54,0,0,0,M,HS,"(70, 79)"
55,0,0,0,M,HS,"(70, 79)"
56,0,0,0,M,HS,"(70, 79)"
57,0,0,0,M,HS,"(70, 79)"
58,0,0,0,M,HS,"(70, 79)"
59,0,0,0,M,HS,"(70, 79)"
60,0,0,0,M,HS,"(70, 79)"
61,0,0,0,M,HS,"(70, 79)"
62,0,0,0,M,HS,"(70, 79)"
63,0,0,0,M,HS,"(70, 79)"
64,0,0,0,M,HS,"(70, 79)"
65,0,0,0,M,HS,"(70, 79)"
66,0,0,0,M,HS,"(70, 79)"
67,0,0,0,M,HS,"(70, 79)"
68,0,0,0,M,HS,"(70, 79)"
69,0,0,0,M,HS,"(70, 79)"
70,0,0,0,M,HS,"(70, 79)"
71,0,0,0,M,HS,"(70, 79)"
72,0,0,0,M,HS,"(70, 79)"
73,0,0,0,M,HS,"(70, 79)"
74,0,0,0,M,HS,"(70, 79)"
75,0,0,0,M,HS,"(70, 79)"
76,0,0,0,M,HS,"(70, 79)"
77,0,0,0,M,HS,"(70, 79)"
78,0,0,0,M,HS,"(70, 79)"
79,0,0,0,M,HS,"(70, 79)"
80,0,0,0,M,HS,"(70, 79)"
81,0,0,0,M,HS,"(70, 79)"
82,0,0,0,M,HS,"(70, 79)"
83,0,0,0,M,HS,"(70, 79)"
84,0,0,0,M,HS,"(70, 79)"
85,0,0,0,M,HS,"(70, 79)"
86,0,0,0,M,HS,"(70, 79)"
87,0,0,0,M,HS,"(70, 79)"
88,0,0,0,M,HS,"(70, 79)"
89,0,0,0,M,HS,"(70, 79)"
90,0,0,0,M,HS,"(70, 79)"
91,0,0,0,M,HS,"(70, 79)"
92,0,0,0,M,HS,"(70, 79)"
93,0,0,0,M,HS,"(70, 79)"
94,0,0,0,M,HS,"(70, 79)"
95,0,0,0,M,HS,"(70, 79)"
96,0,0,0,M,HS,"(70, 79)"
97,0,0,0,M,HS,"(70, 79)"
98,0,0,0,M,HS,"(70, 79)"
99,0,0,0,M,HS,"(70, 79)"
100,0,0,0,M,HS,"(70, 79)"
0,0,0,0,M,HS,"(80, 120)"
1,0,0,0,M,HS,"(80, 120)"
2,0,0,0,M,HS,"(80, 120)"
3,0,0,0,M,HS,"(80, 120)"
4,0,0,0,M,HS,"(80, 120)"
5,0,0,0,M,HS,"(80, 120)"
6,0,0,0,M,HS,"(80, 120)"
7,0,0,0,M,HS,"(80, 120)"
8,0,0,0,M,HS,"(80, 120)"
9,0,0,0,M,HS,"(80, 120)"
10,0,0,0,M,HS,"(80, 120)"
11,0,0,0,M,HS,"(80, 120)"
12,0,0,0,M,HS,"(80, 120)"
13,0,0,0,M,HS,"(80, 120)"
14,0,0,0,M,HS,"(80, 120)"
15,0,0,0,M,HS,"(80, 120)"
16,0,0,0,M,HS,"(80, 120)"
17,0,0,0,M,HS,"(80, 120)"
18,0,0,0,M,HS,"(80, 120)"
19,0,0,0,M,HS,"(80, 120)"
20,0,0,0,M,HS,"(80, 120)"
21,0,0,0,M,HS,"(80, 120)"
22,0,0,0,M,HS,"(80, 120)"
23,0,0,0,M,HS,"(80, 120)"
24,0,0,0,M,HS,"(80, 120)"
25,0,0,0,M,HS,"(80, 120)"
26,0,0,0,M,HS,"(80, 120)"
27,0,0,0,M,HS,"(80, 120)"
28,0,0,0,M,HS,"(80, 120)"
29,0,0,0,M,HS,"(80, 120)"
30,0,0,0,M,HS,"(80, 120)"
31,0,0,0,M,HS,"(80, 120)"
32,0,0,0,M,HS,"(80, 120)"
33,0,0,0,M,HS,"(80, 120)"
34,0,0,0,M,HS,"(80, 120)"
35,0,0,0,M,HS,"(80, 120)"
36,0,0,0,M,HS,"(80, 120)"
37,0,0,0,M,HS,"(80, 120)"
38,0,0,0,M,HS,"(80, 120)"
39,0,0,0,M,HS,"(80, 120)"
40,0,0,0,M,HS,"(80, 120)"
41,0,0,0,M,HS,"(80, 120)"
42,0,0,0,M,HS,"(80, 120)"
43,0,0,0,M,HS,"(80, 120)"
44,0,0,0,M,HS,"(80, 120)"
45,0,0,0,M,HS,"(80, 120)"
46,0,0,0,M,HS,"(80, 120)"
47,0,0,0,M,HS,"(80, 120)"
48,0,0,0,M,HS,"(80, 120)"
49,0,0,0,M,HS,"(80, 120)"
50,0,0,0,M,HS,"(80, 120)"
51,0,0,0,M,HS,"(80, 120)"
52,0,0,0,M,HS,"(80, 120)"
53,0,0,0,M,HS,"(80, 120)"
54,0,0,0,M,HS,"(80, 120)"
55,0,0,0,M,HS,"(80, 120)"
56,0,0,0,M,HS,"(80, 120)"
57,0,0,0,M,HS,"(80, 120)"
58,0,0,0,M,HS,"(80, 120)"
59,0,0,0,M,HS,"(80, 120)"
60,0,0,0,M,HS,"(80, 120)"
61,0,0,0,M,HS,"(80, 120)"
62,0,0,0,M,HS,"(80, 120)"
63,0,0,0,M,HS,"(80, 120)"
64,0,0,0,M,HS,"(80, 120)"
65,0,0,0,M,HS,"(80, 120)"
66,0,0,0,M,HS,"(80, 120)"
67,0,0,0,M,HS,"(80, 120)"
68,0,0,0,M,HS,"(80, 120)"
69,0,0,0,M,HS,"(80, 120)"
70,0,0,0,M,HS,"(80, 120)"
71,0,0,0,M,HS,"(80, 120)"
72,0,0,0,M,HS,"(80, 120)"
73,0,0,0,M,HS,"(80, 120)"
74,0,0,0,M,HS,"(80, 120)"
75,0,0,0,M,HS,"(80, 120)"
76,0,0,0,M,HS,"(80, 120)"
77,0,0,0,M,HS,"(80, 120)"
78,0,0,0,M,HS,"(80, 120)"
79,0,0,0,M,HS,"(80, 120)"
80,0,0,0,M,HS,"(80, 120)"
81,0,0,0,M,HS,"(80, 120)"
82,0,0,0,M,HS,"(80, 120)"
83,0,0,0,M,HS,"(80, 120)"
84,0,0,0,M,HS,"(80, 120)"
85,0,0,0,M,HS,"(80, 120)"
86,0,0,0,M,HS,"(80, 120)"
87,0,0,0,M,HS,"(80, 120)"
88,0,0,0,M,HS,"(80, 120)"
89,0,0,0,M,HS,"(80, 120)"
90,0,0,0,M,HS,"(80, 120)"
91,0,0,0,M,HS,"(80, 120)"
92,0,0,0,M,HS,"(80, 120)"
93,0,0,0,M,HS,"(80, 120)"
94,0,0,0,M,HS,"(80, 120)"
95,0,0,0,M,HS,"(80, 120)"
96,0,0,0,M,HS,"(80, 120)"
97,0,0,0,M,HS,"(80, 120)"
98,0,0,0,M,HS,"(80, 120)"
99,0,0,0,M,HS,"(80, 120)"
100,0,0,0,M,HS,"(80, 120)"
0,0,0,0,M,RA,"(30, 39)"
1,0,0,0,M,RA,"(30, 39)"
2,0,0,0,M,RA,"(30, 39)"
3,0,0,0,M,RA,"(30, 39)"
4,0,0,0,M,RA,"(30, 39)"
5,0,0,0,M,RA,"(30, 39)"
6,0,0,0,M,RA,"(30, 39)"
7,0,0,0,M,RA,"(30, 39)"
8,0,0,0,M,RA,"(30, 39)"
9,0,0,0,M,RA,"(30, 39)"
10,0,0,0,M,RA,"(30, 39)"
11,0,0,0,M,RA,"(30, 39)"
12,0,0,0,M,RA,"(30, 39)"
13,0,0,0,M,RA,"(30, 39)"
14,0,0,0,M,RA,"(30, 39)"
15,0,0,0,M,RA,"(30, 39)"
16,0,0,0,M,RA,"(30, 39)"
17,0,0,0,M,RA,"(30, 39)"
18,0,0,0,M,RA,"(30, 39)"
19,0,0,0,M,RA,"(30, 39)"
20,0,0,0,M,RA,"(30, 39)"
21,0,0,0,M,RA,"(30, 39)"
22,0,0,0,M,RA,"(30, 39)"
23,0,0,0,M,RA,"(30, 39)"
24,0,0,0,M,RA,"(30, 39)"
25,0,0,0,M,RA,"(30, 39)"
26,0,0,0,M,RA,"(30, 39)"
27,0,0,0,M,RA,"(30, 39)"
28,0,0,0,M,RA,"(30, 39)"
29,0,0,0,M,RA,"(30, 39)"
30,0,0,0,M,RA,"(30, 39)"
31,0,0,0,M,RA,"(30, 39)"
32,0,0,0,M,RA,"(30, 39)"
33,0,0,0,M,RA,"(30, 39)"
34,0,0,0,M,RA,"(30, 39)"
35,1,1,1,M,RA,"(30, 39)"
36,1,1,1,M,RA,"(30, 39)"
37,1,1,1,M,RA,"(30, 39)"
38,1,1,1,M,RA,"(30, 39)"
39,1,1,1,M,RA,"(30, 39)"
40,1,1,1,M,RA,"(30, 39)"
41,1,1,1,M,RA,"(30, 39)"
42,1,1,1,M,RA,"(30, 39)"
43,1,1,1,M,RA,"(30, 39)"
44,1,1,1,M,RA,"(30, 39)"
45,1,1,1,M,RA,"(30, 39)"
46,1,1,1,M,RA,"(30, 39)"
47,1,1,1,M,RA,"(30, 39)"
48,1,1,1,M,RA,"(30, 39)"
49,1,1,1,M,RA,"(30, 39)"
50,1,1,1,M,RA,"(30, 39)"
51,1,1,1,M,RA,"(30, 39)"
52,1,1,1,M,RA,"(30, 39)"
53,1,1,1,M,RA,"(30, 39)"
54,1,1,1,M,RA,"(30, 39)"
55,1,1,1,M,RA,"(30, 39)"
56,1,1,1,M,RA,"(30, 39)"
57,1,1,1,M,RA,"(30, 39)"
58,1,1,1,M,RA,"(30, 39)"
59,1,1,1,M,RA,"(30, 39)"
60,1,1,1,M,RA,"(30, 39)"
61,1,1,1,M,RA,"(30, 39)"
62,1,1,1,M,RA,"(30, 39)"
63,1,1,1,M,RA,"(30, 39)"
64,1,1,1,M,RA,"(30, 39)"
65,1,1,1,M,RA,"(30, 39)"
66,1,1,1,M,RA,"(30, 39)"
67,1,1,1,M,RA,"(30, 39)"
68,1,1,1,M,RA,"(30, 39)"
69,1,1,1,M,RA,"(30, 39)"
70,1,1,1,M,RA,"(30, 39)"
71,1,1,1,M,RA,"(30, 39)"
72,1,1,1,M,RA,"(30, 39)"
73,1,1,1,M,RA,"(30, 39)"
74,1,1,1,M,RA,"(30, 39)"
75,1,1,1,M,RA,"(30, 39)"
76,1,1,1,M,RA,"(30, 39)"
77,1,1,1,M,RA,"(30, 39)"
78,1,1,1,M,RA,"(30, 39)"
79,1,1,1,M,RA,"(30, 39)"
80,1,1,1,M,RA,"(30, 39)"
81,1,1,1,M,RA,"(30, 39)"
82,1,1,1,M,RA,"(30, 39)"
83,1,1,1,M,RA,"(30, 39)"
84,1,1,1,M,RA,"(30, 39)"
85,1,1,1,M,RA,"(30, 39)"
86,1,1,1,M,RA,"(30, 39)"
87,1,1,1,M,RA,"(30, 39)"
88,1,1,1,M,RA,"(30, 39)"
89,1,1,1,M,RA,"(30, 39)"
90,1,1,1,M,RA,"(30, 39)"
91,1,1,1,M,RA,"(30, 39)"
92,1,1,1,M,RA,"(30, 39)"
93,1,1,1,M,RA,"(30, 39)"
94,1,1,1,M,RA,"(30, 39)"
95,1,1,1,M,RA,"(30, 39)"
96,1,1,1,M,RA,"(30, 39)"
97,1,1,1,M,RA,"(30, 39)"
98,1,1,1,M,RA,"(30, 39)"
99,1,1,1,M,RA,"(30, 39)"
100,1,1,1,M,RA,"(30, 39)"
